{
  "name": "ShuichiBot",
  "version": "1.0.0",
  "lockfileVersion": 1,
  "requires": true,
  "dependencies": {
    "@adiwajshing/baileys": {
      "version": "3.2.2",
      "resolved": "https://registry.npmjs.org/@adiwajshing/baileys/-/baileys-3.2.2.tgz",
      "integrity": "sha512-2l0xPKsWLV4BvR8ZaSORLrTn2aBe0yqi/SmIa1o943zB+k0GxakdfYkBV68ivYFwccQMfPA/wl+bb/rJ3mlsnQ==",
      "requires": {
        "@adiwajshing/keyed-db": "^0.1.8",
        "curve25519-js": "^0.0.4",
        "futoin-hkdf": "^1.3.2",
        "https-proxy-agent": "^5.0.0",
        "jimp": "^0.16.1",
        "music-metadata": "^7.4.1",
        "node-fetch": "^2.6.0",
        "pino": "^6.7.0",
        "pino-pretty": "^4.3.0",
        "protobufjs": "^6.10.1",
        "qrcode-terminal": "^0.12.0",
        "ws": "^7.3.1"
      }
    },
    "@adiwajshing/keyed-db": {
      "version": "0.1.8",
      "resolved": "https://registry.npmjs.org/@adiwajshing/keyed-db/-/keyed-db-0.1.8.tgz",
      "integrity": "sha512-UEP/94y3Ljihg2XpnI3BRT1Ucc9anP5pP+L5lLZgoWrMzn7xnK5UipLRMC5Yo7mThfZ4xyFVEX8yowZzPFv7dw=="
    },
    "@babel/runtime": {
      "version": "7.12.1",
      "resolved": "https://registry.npmjs.org/@babel/runtime/-/runtime-7.12.1.tgz",
      "integrity": "sha512-J5AIf3vPj3UwXaAzb5j1xM4WAQDX3EMgemF8rjCP3SoW09LfRKAXQKt6CoVYl230P6iWdRcBbnLDDdnqWxZSCA==",
      "requires": {
        "regenerator-runtime": "^0.13.4"
      }
    },
    "@hapi/bourne": {
      "version": "2.0.0",
      "resolved": "https://registry.npmjs.org/@hapi/bourne/-/bourne-2.0.0.tgz",
      "integrity": "sha512-WEezM1FWztfbzqIUbsDzFRVMxSoLy3HugVcux6KDDtTqzPsLE8NDRHfXvev66aH1i2oOKKar3/XDjbvh/OUBdg=="
    },
    "@jimp/bmp": {
      "version": "0.16.1",
      "resolved": "https://registry.npmjs.org/@jimp/bmp/-/bmp-0.16.1.tgz",
      "integrity": "sha512-iwyNYQeBawrdg/f24x3pQ5rEx+/GwjZcCXd3Kgc+ZUd+Ivia7sIqBsOnDaMZdKCBPlfW364ekexnlOqyVa0NWg==",
      "requires": {
        "@babel/runtime": "^7.7.2",
        "@jimp/utils": "^0.16.1",
        "bmp-js": "^0.1.0"
      }
    },
    "@jimp/core": {
      "version": "0.16.1",
      "resolved": "https://registry.npmjs.org/@jimp/core/-/core-0.16.1.tgz",
      "integrity": "sha512-la7kQia31V6kQ4q1kI/uLimu8FXx7imWVajDGtwUG8fzePLWDFJyZl0fdIXVCL1JW2nBcRHidUot6jvlRDi2+g==",
      "requires": {
        "@babel/runtime": "^7.7.2",
        "@jimp/utils": "^0.16.1",
        "any-base": "^1.1.0",
        "buffer": "^5.2.0",
        "exif-parser": "^0.1.12",
        "file-type": "^9.0.0",
        "load-bmfont": "^1.3.1",
        "mkdirp": "^0.5.1",
        "phin": "^2.9.1",
        "pixelmatch": "^4.0.2",
        "tinycolor2": "^1.4.1"
      }
    },
    "@jimp/custom": {
      "version": "0.16.1",
      "resolved": "https://registry.npmjs.org/@jimp/custom/-/custom-0.16.1.tgz",
      "integrity": "sha512-DNUAHNSiUI/j9hmbatD6WN/EBIyeq4AO0frl5ETtt51VN1SvE4t4v83ZA/V6ikxEf3hxLju4tQ5Pc3zmZkN/3A==",
      "requires": {
        "@babel/runtime": "^7.7.2",
        "@jimp/core": "^0.16.1"
      }
    },
    "@jimp/gif": {
      "version": "0.16.1",
      "resolved": "https://registry.npmjs.org/@jimp/gif/-/gif-0.16.1.tgz",
      "integrity": "sha512-r/1+GzIW1D5zrP4tNrfW+3y4vqD935WBXSc8X/wm23QTY9aJO9Lw6PEdzpYCEY+SOklIFKaJYUAq/Nvgm/9ryw==",
      "requires": {
        "@babel/runtime": "^7.7.2",
        "@jimp/utils": "^0.16.1",
        "gifwrap": "^0.9.2",
        "omggif": "^1.0.9"
      }
    },
    "@jimp/jpeg": {
      "version": "0.16.1",
      "resolved": "https://registry.npmjs.org/@jimp/jpeg/-/jpeg-0.16.1.tgz",
      "integrity": "sha512-8352zrdlCCLFdZ/J+JjBslDvml+fS3Z8gttdml0We759PnnZGqrnPRhkOEOJbNUlE+dD4ckLeIe6NPxlS/7U+w==",
      "requires": {
        "@babel/runtime": "^7.7.2",
        "@jimp/utils": "^0.16.1",
        "jpeg-js": "0.4.2"
      }
    },
    "@jimp/plugin-blit": {
      "version": "0.16.1",
      "resolved": "https://registry.npmjs.org/@jimp/plugin-blit/-/plugin-blit-0.16.1.tgz",
      "integrity": "sha512-fKFNARm32RoLSokJ8WZXHHH2CGzz6ire2n1Jh6u+XQLhk9TweT1DcLHIXwQMh8oR12KgjbgsMGvrMVlVknmOAg==",
      "requires": {
        "@babel/runtime": "^7.7.2",
        "@jimp/utils": "^0.16.1"
      }
    },
    "@jimp/plugin-blur": {
      "version": "0.16.1",
      "resolved": "https://registry.npmjs.org/@jimp/plugin-blur/-/plugin-blur-0.16.1.tgz",
      "integrity": "sha512-1WhuLGGj9MypFKRcPvmW45ht7nXkOKu+lg3n2VBzIB7r4kKNVchuI59bXaCYQumOLEqVK7JdB4glaDAbCQCLyw==",
      "requires": {
        "@babel/runtime": "^7.7.2",
        "@jimp/utils": "^0.16.1"
      }
    },
    "@jimp/plugin-circle": {
      "version": "0.16.1",
      "resolved": "https://registry.npmjs.org/@jimp/plugin-circle/-/plugin-circle-0.16.1.tgz",
      "integrity": "sha512-JK7yi1CIU7/XL8hdahjcbGA3V7c+F+Iw+mhMQhLEi7Q0tCnZ69YJBTamMiNg3fWPVfMuvWJJKOBRVpwNTuaZRg==",
      "requires": {
        "@babel/runtime": "^7.7.2",
        "@jimp/utils": "^0.16.1"
      }
    },
    "@jimp/plugin-color": {
      "version": "0.16.1",
      "resolved": "https://registry.npmjs.org/@jimp/plugin-color/-/plugin-color-0.16.1.tgz",
      "integrity": "sha512-9yQttBAO5SEFj7S6nJK54f+1BnuBG4c28q+iyzm1JjtnehjqMg6Ljw4gCSDCvoCQ3jBSYHN66pmwTV74SU1B7A==",
      "requires": {
        "@babel/runtime": "^7.7.2",
        "@jimp/utils": "^0.16.1",
        "tinycolor2": "^1.4.1"
      }
    },
    "@jimp/plugin-contain": {
      "version": "0.16.1",
      "resolved": "https://registry.npmjs.org/@jimp/plugin-contain/-/plugin-contain-0.16.1.tgz",
      "integrity": "sha512-44F3dUIjBDHN+Ym/vEfg+jtjMjAqd2uw9nssN67/n4FdpuZUVs7E7wadKY1RRNuJO+WgcD5aDQcsvurXMETQTg==",
      "requires": {
        "@babel/runtime": "^7.7.2",
        "@jimp/utils": "^0.16.1"
      }
    },
    "@jimp/plugin-cover": {
      "version": "0.16.1",
      "resolved": "https://registry.npmjs.org/@jimp/plugin-cover/-/plugin-cover-0.16.1.tgz",
      "integrity": "sha512-YztWCIldBAVo0zxcQXR+a/uk3/TtYnpKU2CanOPJ7baIuDlWPsG+YE4xTsswZZc12H9Kl7CiziEbDtvF9kwA/Q==",
      "requires": {
        "@babel/runtime": "^7.7.2",
        "@jimp/utils": "^0.16.1"
      }
    },
    "@jimp/plugin-crop": {
      "version": "0.16.1",
      "resolved": "https://registry.npmjs.org/@jimp/plugin-crop/-/plugin-crop-0.16.1.tgz",
      "integrity": "sha512-UQdva9oQzCVadkyo3T5Tv2CUZbf0klm2cD4cWMlASuTOYgaGaFHhT9st+kmfvXjKL8q3STkBu/zUPV6PbuV3ew==",
      "requires": {
        "@babel/runtime": "^7.7.2",
        "@jimp/utils": "^0.16.1"
      }
    },
    "@jimp/plugin-displace": {
      "version": "0.16.1",
      "resolved": "https://registry.npmjs.org/@jimp/plugin-displace/-/plugin-displace-0.16.1.tgz",
      "integrity": "sha512-iVAWuz2+G6Heu8gVZksUz+4hQYpR4R0R/RtBzpWEl8ItBe7O6QjORAkhxzg+WdYLL2A/Yd4ekTpvK0/qW8hTVw==",
      "requires": {
        "@babel/runtime": "^7.7.2",
        "@jimp/utils": "^0.16.1"
      }
    },
    "@jimp/plugin-dither": {
      "version": "0.16.1",
      "resolved": "https://registry.npmjs.org/@jimp/plugin-dither/-/plugin-dither-0.16.1.tgz",
      "integrity": "sha512-tADKVd+HDC9EhJRUDwMvzBXPz4GLoU6s5P7xkVq46tskExYSptgj5713J5Thj3NMgH9Rsqu22jNg1H/7tr3V9Q==",
      "requires": {
        "@babel/runtime": "^7.7.2",
        "@jimp/utils": "^0.16.1"
      }
    },
    "@jimp/plugin-fisheye": {
      "version": "0.16.1",
      "resolved": "https://registry.npmjs.org/@jimp/plugin-fisheye/-/plugin-fisheye-0.16.1.tgz",
      "integrity": "sha512-BWHnc5hVobviTyIRHhIy9VxI1ACf4CeSuCfURB6JZm87YuyvgQh5aX5UDKtOz/3haMHXBLP61ZBxlNpMD8CG4A==",
      "requires": {
        "@babel/runtime": "^7.7.2",
        "@jimp/utils": "^0.16.1"
      }
    },
    "@jimp/plugin-flip": {
      "version": "0.16.1",
      "resolved": "https://registry.npmjs.org/@jimp/plugin-flip/-/plugin-flip-0.16.1.tgz",
      "integrity": "sha512-KdxTf0zErfZ8DyHkImDTnQBuHby+a5YFdoKI/G3GpBl3qxLBvC+PWkS2F/iN3H7wszP7/TKxTEvWL927pypT0w==",
      "requires": {
        "@babel/runtime": "^7.7.2",
        "@jimp/utils": "^0.16.1"
      }
    },
    "@jimp/plugin-gaussian": {
      "version": "0.16.1",
      "resolved": "https://registry.npmjs.org/@jimp/plugin-gaussian/-/plugin-gaussian-0.16.1.tgz",
      "integrity": "sha512-u9n4wjskh3N1mSqketbL6tVcLU2S5TEaFPR40K6TDv4phPLZALi1Of7reUmYpVm8mBDHt1I6kGhuCJiWvzfGyg==",
      "requires": {
        "@babel/runtime": "^7.7.2",
        "@jimp/utils": "^0.16.1"
      }
    },
    "@jimp/plugin-invert": {
      "version": "0.16.1",
      "resolved": "https://registry.npmjs.org/@jimp/plugin-invert/-/plugin-invert-0.16.1.tgz",
      "integrity": "sha512-2DKuyVXANH8WDpW9NG+PYFbehzJfweZszFYyxcaewaPLN0GxvxVLOGOPP1NuUTcHkOdMFbE0nHDuB7f+sYF/2w==",
      "requires": {
        "@babel/runtime": "^7.7.2",
        "@jimp/utils": "^0.16.1"
      }
    },
    "@jimp/plugin-mask": {
      "version": "0.16.1",
      "resolved": "https://registry.npmjs.org/@jimp/plugin-mask/-/plugin-mask-0.16.1.tgz",
      "integrity": "sha512-snfiqHlVuj4bSFS0v96vo2PpqCDMe4JB+O++sMo5jF5mvGcGL6AIeLo8cYqPNpdO6BZpBJ8MY5El0Veckhr39Q==",
      "requires": {
        "@babel/runtime": "^7.7.2",
        "@jimp/utils": "^0.16.1"
      }
    },
    "@jimp/plugin-normalize": {
      "version": "0.16.1",
      "resolved": "https://registry.npmjs.org/@jimp/plugin-normalize/-/plugin-normalize-0.16.1.tgz",
      "integrity": "sha512-dOQfIOvGLKDKXPU8xXWzaUeB0nvkosHw6Xg1WhS1Z5Q0PazByhaxOQkSKgUryNN/H+X7UdbDvlyh/yHf3ITRaw==",
      "requires": {
        "@babel/runtime": "^7.7.2",
        "@jimp/utils": "^0.16.1"
      }
    },
    "@jimp/plugin-print": {
      "version": "0.16.1",
      "resolved": "https://registry.npmjs.org/@jimp/plugin-print/-/plugin-print-0.16.1.tgz",
      "integrity": "sha512-ceWgYN40jbN4cWRxixym+csyVymvrryuKBQ+zoIvN5iE6OyS+2d7Mn4zlNgumSczb9GGyZZESIgVcBDA1ezq0Q==",
      "requires": {
        "@babel/runtime": "^7.7.2",
        "@jimp/utils": "^0.16.1",
        "load-bmfont": "^1.4.0"
      }
    },
    "@jimp/plugin-resize": {
      "version": "0.16.1",
      "resolved": "https://registry.npmjs.org/@jimp/plugin-resize/-/plugin-resize-0.16.1.tgz",
      "integrity": "sha512-u4JBLdRI7dargC04p2Ha24kofQBk3vhaf0q8FwSYgnCRwxfvh2RxvhJZk9H7Q91JZp6wgjz/SjvEAYjGCEgAwQ==",
      "requires": {
        "@babel/runtime": "^7.7.2",
        "@jimp/utils": "^0.16.1"
      }
    },
    "@jimp/plugin-rotate": {
      "version": "0.16.1",
      "resolved": "https://registry.npmjs.org/@jimp/plugin-rotate/-/plugin-rotate-0.16.1.tgz",
      "integrity": "sha512-ZUU415gDQ0VjYutmVgAYYxC9Og9ixu2jAGMCU54mSMfuIlmohYfwARQmI7h4QB84M76c9hVLdONWjuo+rip/zg==",
      "requires": {
        "@babel/runtime": "^7.7.2",
        "@jimp/utils": "^0.16.1"
      }
    },
    "@jimp/plugin-scale": {
      "version": "0.16.1",
      "resolved": "https://registry.npmjs.org/@jimp/plugin-scale/-/plugin-scale-0.16.1.tgz",
      "integrity": "sha512-jM2QlgThIDIc4rcyughD5O7sOYezxdafg/2Xtd1csfK3z6fba3asxDwthqPZAgitrLgiKBDp6XfzC07Y/CefUw==",
      "requires": {
        "@babel/runtime": "^7.7.2",
        "@jimp/utils": "^0.16.1"
      }
    },
    "@jimp/plugin-shadow": {
      "version": "0.16.1",
      "resolved": "https://registry.npmjs.org/@jimp/plugin-shadow/-/plugin-shadow-0.16.1.tgz",
      "integrity": "sha512-MeD2Is17oKzXLnsphAa1sDstTu6nxscugxAEk3ji0GV1FohCvpHBcec0nAq6/czg4WzqfDts+fcPfC79qWmqrA==",
      "requires": {
        "@babel/runtime": "^7.7.2",
        "@jimp/utils": "^0.16.1"
      }
    },
    "@jimp/plugin-threshold": {
      "version": "0.16.1",
      "resolved": "https://registry.npmjs.org/@jimp/plugin-threshold/-/plugin-threshold-0.16.1.tgz",
      "integrity": "sha512-iGW8U/wiCSR0+6syrPioVGoSzQFt4Z91SsCRbgNKTAk7D+XQv6OI78jvvYg4o0c2FOlwGhqz147HZV5utoSLxA==",
      "requires": {
        "@babel/runtime": "^7.7.2",
        "@jimp/utils": "^0.16.1"
      }
    },
    "@jimp/plugins": {
      "version": "0.16.1",
      "resolved": "https://registry.npmjs.org/@jimp/plugins/-/plugins-0.16.1.tgz",
      "integrity": "sha512-c+lCqa25b+4q6mJZSetlxhMoYuiltyS+ValLzdwK/47+aYsq+kcJNl+TuxIEKf59yr9+5rkbpsPkZHLF/V7FFA==",
      "requires": {
        "@babel/runtime": "^7.7.2",
        "@jimp/plugin-blit": "^0.16.1",
        "@jimp/plugin-blur": "^0.16.1",
        "@jimp/plugin-circle": "^0.16.1",
        "@jimp/plugin-color": "^0.16.1",
        "@jimp/plugin-contain": "^0.16.1",
        "@jimp/plugin-cover": "^0.16.1",
        "@jimp/plugin-crop": "^0.16.1",
        "@jimp/plugin-displace": "^0.16.1",
        "@jimp/plugin-dither": "^0.16.1",
        "@jimp/plugin-fisheye": "^0.16.1",
        "@jimp/plugin-flip": "^0.16.1",
        "@jimp/plugin-gaussian": "^0.16.1",
        "@jimp/plugin-invert": "^0.16.1",
        "@jimp/plugin-mask": "^0.16.1",
        "@jimp/plugin-normalize": "^0.16.1",
        "@jimp/plugin-print": "^0.16.1",
        "@jimp/plugin-resize": "^0.16.1",
        "@jimp/plugin-rotate": "^0.16.1",
        "@jimp/plugin-scale": "^0.16.1",
        "@jimp/plugin-shadow": "^0.16.1",
        "@jimp/plugin-threshold": "^0.16.1",
        "timm": "^1.6.1"
      }
    },
    "@jimp/png": {
      "version": "0.16.1",
      "resolved": "https://registry.npmjs.org/@jimp/png/-/png-0.16.1.tgz",
      "integrity": "sha512-iyWoCxEBTW0OUWWn6SveD4LePW89kO7ZOy5sCfYeDM/oTPLpR8iMIGvZpZUz1b8kvzFr27vPst4E5rJhGjwsdw==",
      "requires": {
        "@babel/runtime": "^7.7.2",
        "@jimp/utils": "^0.16.1",
        "pngjs": "^3.3.3"
      }
    },
    "@jimp/tiff": {
      "version": "0.16.1",
      "resolved": "https://registry.npmjs.org/@jimp/tiff/-/tiff-0.16.1.tgz",
      "integrity": "sha512-3K3+xpJS79RmSkAvFMgqY5dhSB+/sxhwTFA9f4AVHUK0oKW+u6r52Z1L0tMXHnpbAdR9EJ+xaAl2D4x19XShkQ==",
      "requires": {
        "@babel/runtime": "^7.7.2",
        "utif": "^2.0.1"
      }
    },
    "@jimp/types": {
      "version": "0.16.1",
      "resolved": "https://registry.npmjs.org/@jimp/types/-/types-0.16.1.tgz",
      "integrity": "sha512-g1w/+NfWqiVW4CaXSJyD28JQqZtm2eyKMWPhBBDCJN9nLCN12/Az0WFF3JUAktzdsEC2KRN2AqB1a2oMZBNgSQ==",
      "requires": {
        "@babel/runtime": "^7.7.2",
        "@jimp/bmp": "^0.16.1",
        "@jimp/gif": "^0.16.1",
        "@jimp/jpeg": "^0.16.1",
        "@jimp/png": "^0.16.1",
        "@jimp/tiff": "^0.16.1",
        "timm": "^1.6.1"
      }
    },
    "@jimp/utils": {
      "version": "0.16.1",
      "resolved": "https://registry.npmjs.org/@jimp/utils/-/utils-0.16.1.tgz",
      "integrity": "sha512-8fULQjB0x4LzUSiSYG6ZtQl355sZjxbv8r9PPAuYHzS9sGiSHJQavNqK/nKnpDsVkU88/vRGcE7t3nMU0dEnVw==",
      "requires": {
        "@babel/runtime": "^7.7.2",
        "regenerator-runtime": "^0.13.3"
      }
    },
    "@protobufjs/aspromise": {
      "version": "1.1.2",
      "resolved": "https://registry.npmjs.org/@protobufjs/aspromise/-/aspromise-1.1.2.tgz",
      "integrity": "sha1-m4sMxmPWaafY9vXQiToU00jzD78="
    },
    "@protobufjs/base64": {
      "version": "1.1.2",
      "resolved": "https://registry.npmjs.org/@protobufjs/base64/-/base64-1.1.2.tgz",
      "integrity": "sha512-AZkcAA5vnN/v4PDqKyMR5lx7hZttPDgClv83E//FMNhR2TMcLUhfRUBHCmSl0oi9zMgDDqRUJkSxO3wm85+XLg=="
    },
    "@protobufjs/codegen": {
      "version": "2.0.4",
      "resolved": "https://registry.npmjs.org/@protobufjs/codegen/-/codegen-2.0.4.tgz",
      "integrity": "sha512-YyFaikqM5sH0ziFZCN3xDC7zeGaB/d0IUb9CATugHWbd1FRFwWwt4ld4OYMPWu5a3Xe01mGAULCdqhMlPl29Jg=="
    },
    "@protobufjs/eventemitter": {
      "version": "1.1.0",
      "resolved": "https://registry.npmjs.org/@protobufjs/eventemitter/-/eventemitter-1.1.0.tgz",
      "integrity": "sha1-NVy8mLr61ZePntCV85diHx0Ga3A="
    },
    "@protobufjs/fetch": {
      "version": "1.1.0",
      "resolved": "https://registry.npmjs.org/@protobufjs/fetch/-/fetch-1.1.0.tgz",
      "integrity": "sha1-upn7WYYUr2VwDBYZ/wbUVLDYTEU=",
      "requires": {
        "@protobufjs/aspromise": "^1.1.1",
        "@protobufjs/inquire": "^1.1.0"
      }
    },
    "@protobufjs/float": {
      "version": "1.0.2",
      "resolved": "https://registry.npmjs.org/@protobufjs/float/-/float-1.0.2.tgz",
      "integrity": "sha1-Xp4avctz/Ap8uLKR33jIy9l7h9E="
    },
    "@protobufjs/inquire": {
      "version": "1.1.0",
      "resolved": "https://registry.npmjs.org/@protobufjs/inquire/-/inquire-1.1.0.tgz",
      "integrity": "sha1-/yAOPnzyQp4tyvwRQIKOjMY48Ik="
    },
    "@protobufjs/path": {
      "version": "1.1.2",
      "resolved": "https://registry.npmjs.org/@protobufjs/path/-/path-1.1.2.tgz",
      "integrity": "sha1-bMKyDFya1q0NzP0hynZz2Nf79o0="
    },
    "@protobufjs/pool": {
      "version": "1.1.0",
      "resolved": "https://registry.npmjs.org/@protobufjs/pool/-/pool-1.1.0.tgz",
      "integrity": "sha1-Cf0V8tbTq/qbZbw2ZQbWrXhG/1Q="
    },
    "@protobufjs/utf8": {
      "version": "1.1.0",
      "resolved": "https://registry.npmjs.org/@protobufjs/utf8/-/utf8-1.1.0.tgz",
      "integrity": "sha1-p3c2C1s5oaLlEG+OhY8v0tBgxXA="
    },
    "@sindresorhus/is": {
      "version": "0.7.0",
      "resolved": "https://registry.npmjs.org/@sindresorhus/is/-/is-0.7.0.tgz",
      "integrity": "sha512-ONhaKPIufzzrlNbqtWFFd+jlnemX6lJAgq9ZeiZtS7I1PIf/la7CW4m83rTXRnVnsMbW2k56pGYu7AUFJD9Pow=="
    },
    "@szmarczak/http-timer": {
      "version": "4.0.5",
      "resolved": "https://registry.npmjs.org/@szmarczak/http-timer/-/http-timer-4.0.5.tgz",
      "integrity": "sha512-PyRA9sm1Yayuj5OIoJ1hGt2YISX45w9WcFbh6ddT0Z/0yaFxOtGLInr4jUfU1EAFVs0Yfyfev4RNwBlUaHdlDQ==",
      "requires": {
        "defer-to-connect": "^2.0.0"
      }
    },
    "@tokenizer/token": {
      "version": "0.1.1",
      "resolved": "https://registry.npmjs.org/@tokenizer/token/-/token-0.1.1.tgz",
      "integrity": "sha512-XO6INPbZCxdprl+9qa/AAbFFOMzzwqYxpjPgLICrMD6C2FCw6qfJOPcBk6JqqPLSaZ/Qx87qn4rpPmPMwaAK6w=="
    },
    "@types/cacheable-request": {
      "version": "6.0.1",
      "resolved": "https://registry.npmjs.org/@types/cacheable-request/-/cacheable-request-6.0.1.tgz",
      "integrity": "sha512-ykFq2zmBGOCbpIXtoVbz4SKY5QriWPh3AjyU4G74RYbtt5yOc5OfaY75ftjg7mikMOla1CTGpX3lLbuJh8DTrQ==",
      "requires": {
        "@types/http-cache-semantics": "*",
        "@types/keyv": "*",
        "@types/node": "*",
        "@types/responselike": "*"
      }
    },
    "@types/debug": {
      "version": "4.1.5",
      "resolved": "https://registry.npmjs.org/@types/debug/-/debug-4.1.5.tgz",
      "integrity": "sha512-Q1y515GcOdTHgagaVFhHnIFQ38ygs/kmxdNpvpou+raI9UO3YZcHDngBSYKQklcKlvA7iuQlmIKbzvmxcOE9CQ=="
    },
    "@types/http-cache-semantics": {
      "version": "4.0.0",
      "resolved": "https://registry.npmjs.org/@types/http-cache-semantics/-/http-cache-semantics-4.0.0.tgz",
      "integrity": "sha512-c3Xy026kOF7QOTn00hbIllV1dLR9hG9NkSrLQgCVs8NF6sBU+VGWjD3wLPhmh1TYAc7ugCFsvHYMN4VcBN1U1A=="
    },
    "@types/keyv": {
      "version": "3.1.1",
      "resolved": "https://registry.npmjs.org/@types/keyv/-/keyv-3.1.1.tgz",
      "integrity": "sha512-MPtoySlAZQ37VoLaPcTHCu1RWJ4llDkULYZIzOYxlhxBqYPB0RsRlmMU0R6tahtFe27mIdkHV+551ZWV4PLmVw==",
      "requires": {
        "@types/node": "*"
      }
    },
    "@types/long": {
      "version": "4.0.1",
      "resolved": "https://registry.npmjs.org/@types/long/-/long-4.0.1.tgz",
      "integrity": "sha512-5tXH6Bx/kNGd3MgffdmP4dy2Z+G4eaXw0SE81Tq3BNadtnMR5/ySMzX4SLEzHJzSmPNn4HIdpQsBvXMUykr58w=="
    },
    "@types/node": {
      "version": "13.13.30",
      "resolved": "https://registry.npmjs.org/@types/node/-/node-13.13.30.tgz",
      "integrity": "sha512-HmqFpNzp3TSELxU/bUuRK+xzarVOAsR00hzcvM0TXrMlt/+wcSLa5q6YhTb6/cA6wqDCZLDcfd8fSL95x5h7AA=="
    },
    "@types/responselike": {
      "version": "1.0.0",
      "resolved": "https://registry.npmjs.org/@types/responselike/-/responselike-1.0.0.tgz",
      "integrity": "sha512-85Y2BjiufFzaMIlvJDvTTB8Fxl2xfLo4HgmHzVBz08w4wDePCTjYw66PdrolO0kzli3yam/YCgRufyo1DdQVTA==",
      "requires": {
        "@types/node": "*"
      }
    },
    "after": {
      "version": "0.8.2",
      "resolved": "https://registry.npmjs.org/after/-/after-0.8.2.tgz",
      "integrity": "sha1-/ts5T58OAqqXaOcCvaI7UF+ufh8="
    },
    "agent-base": {
      "version": "6.0.2",
      "resolved": "https://registry.npmjs.org/agent-base/-/agent-base-6.0.2.tgz",
      "integrity": "sha512-RZNwNclF7+MS/8bDg70amg32dyeZGZxiDuQmZxKLAlQjr3jGyLx+4Kkk58UO7D2QdgFIQCovuSuZESne6RG6XQ==",
      "requires": {
        "debug": "4"
      }
    },
    "ajv": {
      "version": "6.12.6",
      "resolved": "https://registry.npmjs.org/ajv/-/ajv-6.12.6.tgz",
      "integrity": "sha512-j3fVLgvTo527anyYyJOGTYJbG+vnnQYvE0m5mmkc1TK+nxAppkCLMIL0aZ4dblVCNoGShhm+kzE4ZUykBoMg4g==",
      "requires": {
        "fast-deep-equal": "^3.1.1",
        "fast-json-stable-stringify": "^2.0.0",
        "json-schema-traverse": "^0.4.1",
        "uri-js": "^4.2.2"
      }
    },
    "ansi-colors": {
      "version": "1.1.0",
      "resolved": "https://registry.npmjs.org/ansi-colors/-/ansi-colors-1.1.0.tgz",
      "integrity": "sha512-SFKX67auSNoVR38N3L+nvsPjOE0bybKTYbkf5tRvushrAPQ9V75huw0ZxBkKVeRU9kqH3d6HA4xTckbwZ4ixmA==",
      "requires": {
        "ansi-wrap": "^0.1.0"
      }
    },
    "ansi-gray": {
      "version": "0.1.1",
      "resolved": "https://registry.npmjs.org/ansi-gray/-/ansi-gray-0.1.1.tgz",
      "integrity": "sha1-KWLPVOyXksSFEKPetSRDaGHvclE=",
      "requires": {
        "ansi-wrap": "0.1.0"
      }
    },
    "ansi-regex": {
      "version": "2.1.1",
      "resolved": "https://registry.npmjs.org/ansi-regex/-/ansi-regex-2.1.1.tgz",
      "integrity": "sha1-w7M6te42DYbg5ijwRorn7yfWVN8="
    },
    "ansi-styles": {
      "version": "3.2.1",
      "resolved": "https://registry.npmjs.org/ansi-styles/-/ansi-styles-3.2.1.tgz",
      "integrity": "sha512-VT0ZI6kZRdTh8YyJw3SMbYm/u+NqfsAxEpWO0Pf9sq8/e94WxxOpPKx9FR1FlyCtOVDNOQ+8ntlqFxiRc+r5qA==",
      "requires": {
        "color-convert": "^1.9.0"
      }
    },
    "ansi-wrap": {
      "version": "0.1.0",
      "resolved": "https://registry.npmjs.org/ansi-wrap/-/ansi-wrap-0.1.0.tgz",
      "integrity": "sha1-qCJQ3bABXponyoLoLqYDu/pF768="
    },
    "any-base": {
      "version": "1.1.0",
      "resolved": "https://registry.npmjs.org/any-base/-/any-base-1.1.0.tgz",
      "integrity": "sha512-uMgjozySS8adZZYePpaWs8cxB9/kdzmpX6SgJZ+wbz1K5eYk5QMYDVJaZKhxyIHUdnnJkfR7SVgStgH7LkGUyg=="
    },
    "anymatch": {
      "version": "2.0.0",
      "resolved": "https://registry.npmjs.org/anymatch/-/anymatch-2.0.0.tgz",
      "integrity": "sha512-5teOsQWABXHHBFP9y3skS5P3d/WfWXpv3FUpy+LorMrNYaT9pI4oLMQX7jzQ2KklNpGpWHzdCXTDT2Y3XGlZBw==",
      "requires": {
        "micromatch": "^3.1.4",
        "normalize-path": "^2.1.1"
      },
      "dependencies": {
        "normalize-path": {
          "version": "2.1.1",
          "resolved": "https://registry.npmjs.org/normalize-path/-/normalize-path-2.1.1.tgz",
          "integrity": "sha1-GrKLVW4Zg2Oowab35vogE3/mrtk=",
          "requires": {
            "remove-trailing-separator": "^1.0.1"
          }
        }
      }
    },
    "append-buffer": {
      "version": "1.0.2",
      "resolved": "https://registry.npmjs.org/append-buffer/-/append-buffer-1.0.2.tgz",
      "integrity": "sha1-2CIM9GYIFSXv6lBhTz3mUU36WPE=",
      "requires": {
        "buffer-equal": "^1.0.0"
      },
      "dependencies": {
        "buffer-equal": {
          "version": "1.0.0",
          "resolved": "https://registry.npmjs.org/buffer-equal/-/buffer-equal-1.0.0.tgz",
          "integrity": "sha1-WWFrSYME1Var1GaWayLu2j7KX74="
        }
      }
    },
    "arch": {
      "version": "2.2.0",
      "resolved": "https://registry.npmjs.org/arch/-/arch-2.2.0.tgz",
      "integrity": "sha512-Of/R0wqp83cgHozfIYLbBMnej79U/SVGOOyuB3VVFv1NRM/PSFMK12x9KVtiYzJqmnU5WR2qp0Z5rHb7sWGnFQ=="
    },
    "archive-type": {
      "version": "4.0.0",
      "resolved": "https://registry.npmjs.org/archive-type/-/archive-type-4.0.0.tgz",
      "integrity": "sha1-+S5yIzBW38aWlHJ0nCZ72wRrHXA=",
      "requires": {
        "file-type": "^4.2.0"
      },
      "dependencies": {
        "file-type": {
          "version": "4.4.0",
          "resolved": "https://registry.npmjs.org/file-type/-/file-type-4.4.0.tgz",
          "integrity": "sha1-G2AOX8ofvcboDApwxxyNul95BsU="
        }
      }
    },
    "archy": {
      "version": "1.0.0",
      "resolved": "https://registry.npmjs.org/archy/-/archy-1.0.0.tgz",
      "integrity": "sha1-+cjBN1fMHde8N5rHeyxipcKGjEA="
    },
    "args": {
      "version": "5.0.1",
      "resolved": "https://registry.npmjs.org/args/-/args-5.0.1.tgz",
      "integrity": "sha512-1kqmFCFsPffavQFGt8OxJdIcETti99kySRUPMpOhaGjL6mRJn8HFU1OxKY5bMqfZKUwTQc1mZkAjmGYaVOHFtQ==",
      "requires": {
        "camelcase": "5.0.0",
        "chalk": "2.4.2",
        "leven": "2.1.0",
        "mri": "1.1.4"
      },
      "dependencies": {
        "chalk": {
          "version": "2.4.2",
          "resolved": "https://registry.npmjs.org/chalk/-/chalk-2.4.2.tgz",
          "integrity": "sha512-Mti+f9lpJNcwF4tWV8/OrTTtF1gZi+f8FqlyAdouralcFWFQWF2+NgCHShjkCb+IFBLq9buZwE1xckQU4peSuQ==",
          "requires": {
            "ansi-styles": "^3.2.1",
            "escape-string-regexp": "^1.0.5",
            "supports-color": "^5.3.0"
          }
        }
      }
    },
    "arr-diff": {
      "version": "4.0.0",
      "resolved": "https://registry.npmjs.org/arr-diff/-/arr-diff-4.0.0.tgz",
      "integrity": "sha1-1kYQdP6/7HHn4VI1dhoyml3HxSA="
    },
    "arr-filter": {
      "version": "1.1.2",
      "resolved": "https://registry.npmjs.org/arr-filter/-/arr-filter-1.1.2.tgz",
      "integrity": "sha1-Q/3d0JHo7xGqTEXZzcGOLf8XEe4=",
      "requires": {
        "make-iterator": "^1.0.0"
      }
    },
    "arr-flatten": {
      "version": "1.1.0",
      "resolved": "https://registry.npmjs.org/arr-flatten/-/arr-flatten-1.1.0.tgz",
      "integrity": "sha512-L3hKV5R/p5o81R7O02IGnwpDmkp6E982XhtbuwSe3O4qOtMMMtodicASA1Cny2U+aCXcNpml+m4dPsvsJ3jatg=="
    },
    "arr-map": {
      "version": "2.0.2",
      "resolved": "https://registry.npmjs.org/arr-map/-/arr-map-2.0.2.tgz",
      "integrity": "sha1-Onc0X/wc814qkYJWAfnljy4kysQ=",
      "requires": {
        "make-iterator": "^1.0.0"
      }
    },
    "arr-union": {
      "version": "3.1.0",
      "resolved": "https://registry.npmjs.org/arr-union/-/arr-union-3.1.0.tgz",
      "integrity": "sha1-45sJrqne+Gao8gbiiK9jkZuuOcQ="
    },
    "array-each": {
      "version": "1.0.1",
      "resolved": "https://registry.npmjs.org/array-each/-/array-each-1.0.1.tgz",
      "integrity": "sha1-p5SvDAWrF1KEbudTofIRoFugxE8="
    },
    "array-find-index": {
      "version": "1.0.2",
      "resolved": "https://registry.npmjs.org/array-find-index/-/array-find-index-1.0.2.tgz",
      "integrity": "sha1-3wEKoSh+Fku9pvlyOwqWoexBh6E="
    },
    "array-initial": {
      "version": "1.1.0",
      "resolved": "https://registry.npmjs.org/array-initial/-/array-initial-1.1.0.tgz",
      "integrity": "sha1-L6dLJnOTccOUe9enrcc74zSz15U=",
      "requires": {
        "array-slice": "^1.0.0",
        "is-number": "^4.0.0"
      },
      "dependencies": {
        "is-number": {
          "version": "4.0.0",
          "resolved": "https://registry.npmjs.org/is-number/-/is-number-4.0.0.tgz",
          "integrity": "sha512-rSklcAIlf1OmFdyAqbnWTLVelsQ58uvZ66S/ZyawjWqIviTWCjg2PzVGw8WUA+nNuPTqb4wgA+NszrJ+08LlgQ=="
        }
      }
    },
    "array-last": {
      "version": "1.3.0",
      "resolved": "https://registry.npmjs.org/array-last/-/array-last-1.3.0.tgz",
      "integrity": "sha512-eOCut5rXlI6aCOS7Z7kCplKRKyiFQ6dHFBem4PwlwKeNFk2/XxTrhRh5T9PyaEWGy/NHTZWbY+nsZlNFJu9rYg==",
      "requires": {
        "is-number": "^4.0.0"
      },
      "dependencies": {
        "is-number": {
          "version": "4.0.0",
          "resolved": "https://registry.npmjs.org/is-number/-/is-number-4.0.0.tgz",
          "integrity": "sha512-rSklcAIlf1OmFdyAqbnWTLVelsQ58uvZ66S/ZyawjWqIviTWCjg2PzVGw8WUA+nNuPTqb4wgA+NszrJ+08LlgQ=="
        }
      }
    },
    "array-slice": {
      "version": "1.1.0",
      "resolved": "https://registry.npmjs.org/array-slice/-/array-slice-1.1.0.tgz",
      "integrity": "sha512-B1qMD3RBP7O8o0H2KbrXDyB0IccejMF15+87Lvlor12ONPRHP6gTjXMNkt/d3ZuOGbAe66hFmaCfECI24Ufp6w=="
    },
    "array-sort": {
      "version": "1.0.0",
      "resolved": "https://registry.npmjs.org/array-sort/-/array-sort-1.0.0.tgz",
      "integrity": "sha512-ihLeJkonmdiAsD7vpgN3CRcx2J2S0TiYW+IS/5zHBI7mKUq3ySvBdzzBfD236ubDBQFiiyG3SWCPc+msQ9KoYg==",
      "requires": {
        "default-compare": "^1.0.0",
        "get-value": "^2.0.6",
        "kind-of": "^5.0.2"
      },
      "dependencies": {
        "kind-of": {
          "version": "5.1.0",
          "resolved": "https://registry.npmjs.org/kind-of/-/kind-of-5.1.0.tgz",
          "integrity": "sha512-NGEErnH6F2vUuXDh+OlbcKW7/wOcfdRHaZ7VWtqCztfHri/++YKmP51OdWeGPuqCOba6kk2OTe5d02VmTB80Pw=="
        }
      }
    },
    "array-unique": {
      "version": "0.3.2",
      "resolved": "https://registry.npmjs.org/array-unique/-/array-unique-0.3.2.tgz",
      "integrity": "sha1-qJS3XUvE9s1nnvMkSp/Y9Gri1Cg="
    },
    "arraybuffer.slice": {
      "version": "0.0.7",
      "resolved": "https://registry.npmjs.org/arraybuffer.slice/-/arraybuffer.slice-0.0.7.tgz",
      "integrity": "sha512-wGUIVQXuehL5TCqQun8OW81jGzAWycqzFF8lFp+GOM5BXLYj3bKNsYC4daB7n6XjCqxQA/qgTJ+8ANR3acjrog=="
    },
    "asn1": {
      "version": "0.2.4",
      "resolved": "https://registry.npmjs.org/asn1/-/asn1-0.2.4.tgz",
      "integrity": "sha512-jxwzQpLQjSmWXgwaCZE9Nz+glAG01yF1QnWgbhGwHI5A6FRIEY6IVqtHhIepHqI7/kyEyQEagBC5mBEFlIYvdg==",
      "requires": {
        "safer-buffer": "~2.1.0"
      }
    },
    "assert-plus": {
      "version": "1.0.0",
      "resolved": "https://registry.npmjs.org/assert-plus/-/assert-plus-1.0.0.tgz",
      "integrity": "sha1-8S4PPF13sLHN2RRpQuTpbB5N1SU="
    },
    "assign-symbols": {
      "version": "1.0.0",
      "resolved": "https://registry.npmjs.org/assign-symbols/-/assign-symbols-1.0.0.tgz",
      "integrity": "sha1-WWZ/QfrdTyDMvCu5a41Pf3jsA2c="
    },
    "async": {
      "version": "2.6.3",
      "resolved": "https://registry.npmjs.org/async/-/async-2.6.3.tgz",
      "integrity": "sha512-zflvls11DCy+dQWzTW2dzuilv8Z5X/pjfmZOWba6TNIVDm+2UDaJmXSOXlasHKfNBs8oo3M0aT50fDEWfKZjXg==",
      "requires": {
        "lodash": "^4.17.14"
      }
    },
    "async-done": {
      "version": "1.3.2",
      "resolved": "https://registry.npmjs.org/async-done/-/async-done-1.3.2.tgz",
      "integrity": "sha512-uYkTP8dw2og1tu1nmza1n1CMW0qb8gWWlwqMmLb7MhBVs4BXrFziT6HXUd+/RlRA/i4H9AkofYloUbs1fwMqlw==",
      "requires": {
        "end-of-stream": "^1.1.0",
        "once": "^1.3.2",
        "process-nextick-args": "^2.0.0",
        "stream-exhaust": "^1.0.1"
      }
    },
    "async-each": {
      "version": "1.0.3",
      "resolved": "https://registry.npmjs.org/async-each/-/async-each-1.0.3.tgz",
      "integrity": "sha512-z/WhQ5FPySLdvREByI2vZiTWwCnF0moMJ1hK9YQwDTHKh6I7/uSckMetoRGb5UBZPC1z0jlw+n/XCgjeH7y1AQ=="
    },
    "async-limiter": {
      "version": "1.0.1",
      "resolved": "https://registry.npmjs.org/async-limiter/-/async-limiter-1.0.1.tgz",
      "integrity": "sha512-csOlWGAcRFJaI6m+F2WKdnMKr4HhdhFVBk0H/QbJFMCr+uO2kwohwXQPxw/9OCxp05r5ghVBFSyioixx3gfkNQ=="
    },
    "async-settle": {
      "version": "1.0.0",
      "resolved": "https://registry.npmjs.org/async-settle/-/async-settle-1.0.0.tgz",
      "integrity": "sha1-HQqRS7Aldb7IqPOnTlCA9yssDGs=",
      "requires": {
        "async-done": "^1.2.2"
      }
    },
    "asynckit": {
      "version": "0.4.0",
      "resolved": "https://registry.npmjs.org/asynckit/-/asynckit-0.4.0.tgz",
      "integrity": "sha1-x57Zf380y48robyXkLzDZkdLS3k="
    },
    "atob": {
      "version": "2.1.2",
      "resolved": "https://registry.npmjs.org/atob/-/atob-2.1.2.tgz",
      "integrity": "sha512-Wm6ukoaOGJi/73p/cl2GvLjTI5JM1k/O14isD73YML8StrH/7/lRFgmg8nICZgD3bZZvjwCGxtMOD3wWNAu8cg=="
    },
    "atomic-sleep": {
      "version": "1.0.0",
      "resolved": "https://registry.npmjs.org/atomic-sleep/-/atomic-sleep-1.0.0.tgz",
      "integrity": "sha512-kNOjDqAh7px0XWNI+4QbzoiR/nTkHAWNud2uvnJquD1/x5a7EQZMJT0AczqK0Qn67oY/TTQ1LbUKajZpp3I9tQ=="
    },
    "aws-sign2": {
      "version": "0.7.0",
      "resolved": "https://registry.npmjs.org/aws-sign2/-/aws-sign2-0.7.0.tgz",
      "integrity": "sha1-tG6JCTSpWR8tL2+G1+ap8bP+dqg="
    },
    "aws4": {
      "version": "1.10.1",
      "resolved": "https://registry.npmjs.org/aws4/-/aws4-1.10.1.tgz",
      "integrity": "sha512-zg7Hz2k5lI8kb7U32998pRRFin7zJlkfezGJjUc2heaD4Pw2wObakCDVzkKztTm/Ln7eiVvYsjqak0Ed4LkMDA=="
    },
    "axios": {
      "version": "0.20.0",
      "resolved": "https://registry.npmjs.org/axios/-/axios-0.20.0.tgz",
      "integrity": "sha512-ANA4rr2BDcmmAQLOKft2fufrtuvlqR+cXNNinUmvfeSNCOF98PZL+7M/v1zIdGo7OLjEA9J2gXJL+j4zGsl0bA==",
      "requires": {
        "follow-redirects": "^1.10.0"
      }
    },
    "bach": {
      "version": "1.2.0",
      "resolved": "https://registry.npmjs.org/bach/-/bach-1.2.0.tgz",
      "integrity": "sha1-Szzpa/JxNPeaG0FKUcFONMO9mIA=",
      "requires": {
        "arr-filter": "^1.1.1",
        "arr-flatten": "^1.0.1",
        "arr-map": "^2.0.0",
        "array-each": "^1.0.0",
        "array-initial": "^1.0.0",
        "array-last": "^1.1.1",
        "async-done": "^1.2.2",
        "async-settle": "^1.0.0",
        "now-and-later": "^2.0.0"
      }
    },
    "backo2": {
      "version": "1.0.2",
      "resolved": "https://registry.npmjs.org/backo2/-/backo2-1.0.2.tgz",
      "integrity": "sha1-MasayLEpNjRj41s+u2n038+6eUc="
    },
    "balanced-match": {
      "version": "1.0.0",
      "resolved": "https://registry.npmjs.org/balanced-match/-/balanced-match-1.0.0.tgz",
      "integrity": "sha1-ibTRmasr7kneFk6gK4nORi1xt2c="
    },
    "base": {
      "version": "0.11.2",
      "resolved": "https://registry.npmjs.org/base/-/base-0.11.2.tgz",
      "integrity": "sha512-5T6P4xPgpp0YDFvSWwEZ4NoE3aM4QBQXDzmVbraCkFj8zHM+mba8SyqB5DbZWyR7mYHo6Y7BdQo3MoA4m0TeQg==",
      "requires": {
        "cache-base": "^1.0.1",
        "class-utils": "^0.3.5",
        "component-emitter": "^1.2.1",
        "define-property": "^1.0.0",
        "isobject": "^3.0.1",
        "mixin-deep": "^1.2.0",
        "pascalcase": "^0.1.1"
      },
      "dependencies": {
        "define-property": {
          "version": "1.0.0",
          "resolved": "https://registry.npmjs.org/define-property/-/define-property-1.0.0.tgz",
          "integrity": "sha1-dp66rz9KY6rTr56NMEybvnm/sOY=",
          "requires": {
            "is-descriptor": "^1.0.0"
          }
        },
        "is-accessor-descriptor": {
          "version": "1.0.0",
          "resolved": "https://registry.npmjs.org/is-accessor-descriptor/-/is-accessor-descriptor-1.0.0.tgz",
          "integrity": "sha512-m5hnHTkcVsPfqx3AKlyttIPb7J+XykHvJP2B9bZDjlhLIoEq4XoK64Vg7boZlVWYK6LUY94dYPEE7Lh0ZkZKcQ==",
          "requires": {
            "kind-of": "^6.0.0"
          }
        },
        "is-data-descriptor": {
          "version": "1.0.0",
          "resolved": "https://registry.npmjs.org/is-data-descriptor/-/is-data-descriptor-1.0.0.tgz",
          "integrity": "sha512-jbRXy1FmtAoCjQkVmIVYwuuqDFUbaOeDjmed1tOGPrsMhtJA4rD9tkgA0F1qJ3gRFRXcHYVkdeaP50Q5rE/jLQ==",
          "requires": {
            "kind-of": "^6.0.0"
          }
        },
        "is-descriptor": {
          "version": "1.0.2",
          "resolved": "https://registry.npmjs.org/is-descriptor/-/is-descriptor-1.0.2.tgz",
          "integrity": "sha512-2eis5WqQGV7peooDyLmNEPUrps9+SXX5c9pL3xEB+4e9HnGuDa7mB7kHxHw4CbqS9k1T2hOH3miL8n8WtiYVtg==",
          "requires": {
            "is-accessor-descriptor": "^1.0.0",
            "is-data-descriptor": "^1.0.0",
            "kind-of": "^6.0.2"
          }
        }
      }
    },
    "base64-arraybuffer": {
      "version": "0.1.4",
      "resolved": "https://registry.npmjs.org/base64-arraybuffer/-/base64-arraybuffer-0.1.4.tgz",
      "integrity": "sha1-mBjHngWbE1X5fgQooBfIOOkLqBI="
    },
    "base64-js": {
      "version": "1.3.1",
      "resolved": "https://registry.npmjs.org/base64-js/-/base64-js-1.3.1.tgz",
      "integrity": "sha512-mLQ4i2QO1ytvGWFWmcngKO//JXAQueZvwEKtjgQFM4jIK0kU+ytMfplL8j+n5mspOfjHwoAg+9yhb7BwAHm36g=="
    },
    "bcrypt-pbkdf": {
      "version": "1.0.2",
      "resolved": "https://registry.npmjs.org/bcrypt-pbkdf/-/bcrypt-pbkdf-1.0.2.tgz",
      "integrity": "sha1-pDAdOJtqQ/m2f/PKEaP2Y342Dp4=",
      "requires": {
        "tweetnacl": "^0.14.3"
      }
    },
    "bin-build": {
      "version": "3.0.0",
      "resolved": "https://registry.npmjs.org/bin-build/-/bin-build-3.0.0.tgz",
      "integrity": "sha512-jcUOof71/TNAI2uM5uoUaDq2ePcVBQ3R/qhxAz1rX7UfvduAL/RXD3jXzvn8cVcDJdGVkiR1shal3OH0ImpuhA==",
      "requires": {
        "decompress": "^4.0.0",
        "download": "^6.2.2",
        "execa": "^0.7.0",
        "p-map-series": "^1.0.0",
        "tempfile": "^2.0.0"
      }
    },
    "bin-check": {
      "version": "4.1.0",
      "resolved": "https://registry.npmjs.org/bin-check/-/bin-check-4.1.0.tgz",
      "integrity": "sha512-b6weQyEUKsDGFlACWSIOfveEnImkJyK/FGW6FAG42loyoquvjdtOIqO6yBFzHyqyVVhNgNkQxxx09SFLK28YnA==",
      "requires": {
        "execa": "^0.7.0",
        "executable": "^4.1.0"
      }
    },
    "bin-version": {
      "version": "3.1.0",
      "resolved": "https://registry.npmjs.org/bin-version/-/bin-version-3.1.0.tgz",
      "integrity": "sha512-Mkfm4iE1VFt4xd4vH+gx+0/71esbfus2LsnCGe8Pi4mndSPyT+NGES/Eg99jx8/lUGWfu3z2yuB/bt5UB+iVbQ==",
      "requires": {
        "execa": "^1.0.0",
        "find-versions": "^3.0.0"
      },
      "dependencies": {
        "cross-spawn": {
          "version": "6.0.5",
          "resolved": "https://registry.npmjs.org/cross-spawn/-/cross-spawn-6.0.5.tgz",
          "integrity": "sha512-eTVLrBSt7fjbDygz805pMnstIs2VTBNkRm0qxZd+M7A5XDdxVRWO5MxGBXZhjY4cqLYLdtrGqRf8mBPmzwSpWQ==",
          "requires": {
            "nice-try": "^1.0.4",
            "path-key": "^2.0.1",
            "semver": "^5.5.0",
            "shebang-command": "^1.2.0",
            "which": "^1.2.9"
          }
        },
        "execa": {
          "version": "1.0.0",
          "resolved": "https://registry.npmjs.org/execa/-/execa-1.0.0.tgz",
          "integrity": "sha512-adbxcyWV46qiHyvSp50TKt05tB4tK3HcmF7/nxfAdhnox83seTDbwnaqKO4sXRy7roHAIFqJP/Rw/AuEbX61LA==",
          "requires": {
            "cross-spawn": "^6.0.0",
            "get-stream": "^4.0.0",
            "is-stream": "^1.1.0",
            "npm-run-path": "^2.0.0",
            "p-finally": "^1.0.0",
            "signal-exit": "^3.0.0",
            "strip-eof": "^1.0.0"
          }
        },
        "get-stream": {
          "version": "4.1.0",
          "resolved": "https://registry.npmjs.org/get-stream/-/get-stream-4.1.0.tgz",
          "integrity": "sha512-GMat4EJ5161kIy2HevLlr4luNjBgvmj413KaQA7jt4V8B4RDsfpHk7WQ9GVqfYyyx8OS/L66Kox+rJRNklLK7w==",
          "requires": {
            "pump": "^3.0.0"
          }
        }
      }
    },
    "bin-version-check": {
      "version": "4.0.0",
      "resolved": "https://registry.npmjs.org/bin-version-check/-/bin-version-check-4.0.0.tgz",
      "integrity": "sha512-sR631OrhC+1f8Cvs8WyVWOA33Y8tgwjETNPyyD/myRBXLkfS/vl74FmH/lFcRl9KY3zwGh7jFhvyk9vV3/3ilQ==",
      "requires": {
        "bin-version": "^3.0.0",
        "semver": "^5.6.0",
        "semver-truncate": "^1.1.2"
      }
    },
    "bin-wrapper": {
      "version": "4.1.0",
      "resolved": "https://registry.npmjs.org/bin-wrapper/-/bin-wrapper-4.1.0.tgz",
      "integrity": "sha512-hfRmo7hWIXPkbpi0ZltboCMVrU+0ClXR/JgbCKKjlDjQf6igXa7OwdqNcFWQZPZTgiY7ZpzE3+LjjkLiTN2T7Q==",
      "requires": {
        "bin-check": "^4.1.0",
        "bin-version-check": "^4.0.0",
        "download": "^7.1.0",
        "import-lazy": "^3.1.0",
        "os-filter-obj": "^2.0.0",
        "pify": "^4.0.1"
      },
      "dependencies": {
        "download": {
          "version": "7.1.0",
          "resolved": "https://registry.npmjs.org/download/-/download-7.1.0.tgz",
          "integrity": "sha512-xqnBTVd/E+GxJVrX5/eUJiLYjCGPwMpdL+jGhGU57BvtcA7wwhtHVbXBeUk51kOpW3S7Jn3BQbN9Q1R1Km2qDQ==",
          "requires": {
            "archive-type": "^4.0.0",
            "caw": "^2.0.1",
            "content-disposition": "^0.5.2",
            "decompress": "^4.2.0",
            "ext-name": "^5.0.0",
            "file-type": "^8.1.0",
            "filenamify": "^2.0.0",
            "get-stream": "^3.0.0",
            "got": "^8.3.1",
            "make-dir": "^1.2.0",
            "p-event": "^2.1.0",
            "pify": "^3.0.0"
          },
          "dependencies": {
            "pify": {
              "version": "3.0.0",
              "resolved": "https://registry.npmjs.org/pify/-/pify-3.0.0.tgz",
              "integrity": "sha1-5aSs0sEB/fPZpNB/DbxNtJ3SgXY="
            }
          }
        },
        "file-type": {
          "version": "8.1.0",
          "resolved": "https://registry.npmjs.org/file-type/-/file-type-8.1.0.tgz",
          "integrity": "sha512-qyQ0pzAy78gVoJsmYeNgl8uH8yKhr1lVhW7JbzJmnlRi0I4R2eEDEJZVKG8agpDnLpacwNbDhLNG/LMdxHD2YQ=="
        },
        "get-stream": {
          "version": "3.0.0",
          "resolved": "https://registry.npmjs.org/get-stream/-/get-stream-3.0.0.tgz",
          "integrity": "sha1-jpQ9E1jcN1VQVOy+LtsFqhdO3hQ="
        },
        "got": {
          "version": "8.3.2",
          "resolved": "https://registry.npmjs.org/got/-/got-8.3.2.tgz",
          "integrity": "sha512-qjUJ5U/hawxosMryILofZCkm3C84PLJS/0grRIpjAwu+Lkxxj5cxeCU25BG0/3mDSpXKTyZr8oh8wIgLaH0QCw==",
          "requires": {
            "@sindresorhus/is": "^0.7.0",
            "cacheable-request": "^2.1.1",
            "decompress-response": "^3.3.0",
            "duplexer3": "^0.1.4",
            "get-stream": "^3.0.0",
            "into-stream": "^3.1.0",
            "is-retry-allowed": "^1.1.0",
            "isurl": "^1.0.0-alpha5",
            "lowercase-keys": "^1.0.0",
            "mimic-response": "^1.0.0",
            "p-cancelable": "^0.4.0",
            "p-timeout": "^2.0.1",
            "pify": "^3.0.0",
            "safe-buffer": "^5.1.1",
            "timed-out": "^4.0.1",
            "url-parse-lax": "^3.0.0",
            "url-to-options": "^1.0.1"
          },
          "dependencies": {
            "pify": {
              "version": "3.0.0",
              "resolved": "https://registry.npmjs.org/pify/-/pify-3.0.0.tgz",
              "integrity": "sha1-5aSs0sEB/fPZpNB/DbxNtJ3SgXY="
            }
          }
        },
        "p-cancelable": {
          "version": "0.4.1",
          "resolved": "https://registry.npmjs.org/p-cancelable/-/p-cancelable-0.4.1.tgz",
          "integrity": "sha512-HNa1A8LvB1kie7cERyy21VNeHb2CWJJYqyyC2o3klWFfMGlFmWv2Z7sFgZH8ZiaYL95ydToKTFVXgMV/Os0bBQ=="
        },
        "p-event": {
          "version": "2.3.1",
          "resolved": "https://registry.npmjs.org/p-event/-/p-event-2.3.1.tgz",
          "integrity": "sha512-NQCqOFhbpVTMX4qMe8PF8lbGtzZ+LCiN7pcNrb/413Na7+TRoe1xkKUzuWa/YEJdGQ0FvKtj35EEbDoVPO2kbA==",
          "requires": {
            "p-timeout": "^2.0.1"
          }
        },
        "p-timeout": {
          "version": "2.0.1",
          "resolved": "https://registry.npmjs.org/p-timeout/-/p-timeout-2.0.1.tgz",
          "integrity": "sha512-88em58dDVB/KzPEx1X0N3LwFfYZPyDc4B6eF38M1rk9VTZMbxXXgjugz8mmwpS9Ox4BDZ+t6t3QP5+/gazweIA==",
          "requires": {
            "p-finally": "^1.0.0"
          }
        },
        "pify": {
          "version": "4.0.1",
          "resolved": "https://registry.npmjs.org/pify/-/pify-4.0.1.tgz",
          "integrity": "sha512-uB80kBFb/tfd68bVleG9T5GGsGPjJrLAUpR5PZIrhBnIaRTQRjqdJSsIKkOP6OAIFbj7GOrcudc5pNjZ+geV2g=="
        },
        "prepend-http": {
          "version": "2.0.0",
          "resolved": "https://registry.npmjs.org/prepend-http/-/prepend-http-2.0.0.tgz",
          "integrity": "sha1-6SQ0v6XqjBn0HN/UAddBo8gZ2Jc="
        },
        "url-parse-lax": {
          "version": "3.0.0",
          "resolved": "https://registry.npmjs.org/url-parse-lax/-/url-parse-lax-3.0.0.tgz",
          "integrity": "sha1-FrXK/Afb42dsGxmZF3gj1lA6yww=",
          "requires": {
            "prepend-http": "^2.0.0"
          }
        }
      }
    },
    "binary-extensions": {
      "version": "1.13.1",
      "resolved": "https://registry.npmjs.org/binary-extensions/-/binary-extensions-1.13.1.tgz",
      "integrity": "sha512-Un7MIEDdUC5gNpcGDV97op1Ywk748MpHcFTHoYs6qnj1Z3j7I53VG3nwZhKzoBZmbdRNnb6WRdFlwl7tSDuZGw=="
    },
    "bindings": {
      "version": "1.5.0",
      "resolved": "https://registry.npmjs.org/bindings/-/bindings-1.5.0.tgz",
      "integrity": "sha512-p2q/t/mhvuOj/UeLlV6566GD/guowlr0hHxClI0W9m7MWYkL1F0hLo+0Aexs9HSPCtR1SXQ0TD3MMKrXZajbiQ==",
      "optional": true,
      "requires": {
        "file-uri-to-path": "1.0.0"
      }
    },
    "bl": {
      "version": "1.2.3",
      "resolved": "https://registry.npmjs.org/bl/-/bl-1.2.3.tgz",
      "integrity": "sha512-pvcNpa0UU69UT341rO6AYy4FVAIkUHuZXRIWbq+zHnsVcRzDDjIAhGuuYoi0d//cwIwtt4pkpKycWEfjdV+vww==",
      "requires": {
        "readable-stream": "^2.3.5",
        "safe-buffer": "^5.1.1"
      },
      "dependencies": {
        "isarray": {
          "version": "1.0.0",
          "resolved": "https://registry.npmjs.org/isarray/-/isarray-1.0.0.tgz",
          "integrity": "sha1-u5NdSFgsuhaMBoNJV6VKPgcSTxE="
        },
        "readable-stream": {
          "version": "2.3.7",
          "resolved": "https://registry.npmjs.org/readable-stream/-/readable-stream-2.3.7.tgz",
          "integrity": "sha512-Ebho8K4jIbHAxnuxi7o42OrZgF/ZTNcsZj6nRKyUmkhLFq8CHItp/fy6hQZuZmP/n3yZ9VBUbp4zz/mX8hmYPw==",
          "requires": {
            "core-util-is": "~1.0.0",
            "inherits": "~2.0.3",
            "isarray": "~1.0.0",
            "process-nextick-args": "~2.0.0",
            "safe-buffer": "~5.1.1",
            "string_decoder": "~1.1.1",
            "util-deprecate": "~1.0.1"
          },
          "dependencies": {
            "safe-buffer": {
              "version": "5.1.2",
              "resolved": "https://registry.npmjs.org/safe-buffer/-/safe-buffer-5.1.2.tgz",
              "integrity": "sha512-Gd2UZBJDkXlY7GbJxfsE8/nvKkUEU1G38c1siN6QP6a9PT9MmHB8GnpscSmMJSoF8LOIrt8ud/wPtojys4G6+g=="
            }
          }
        },
        "string_decoder": {
          "version": "1.1.1",
          "resolved": "https://registry.npmjs.org/string_decoder/-/string_decoder-1.1.1.tgz",
          "integrity": "sha512-n/ShnvDi6FHbbVfviro+WojiFzv+s8MPMHBczVePfUpDJLwoLT0ht1l4YwBCbi8pJAveEEdnkHyPyTP/mzRfwg==",
          "requires": {
            "safe-buffer": "~5.1.0"
          },
          "dependencies": {
            "safe-buffer": {
              "version": "5.1.2",
              "resolved": "https://registry.npmjs.org/safe-buffer/-/safe-buffer-5.1.2.tgz",
              "integrity": "sha512-Gd2UZBJDkXlY7GbJxfsE8/nvKkUEU1G38c1siN6QP6a9PT9MmHB8GnpscSmMJSoF8LOIrt8ud/wPtojys4G6+g=="
            }
          }
        }
      }
    },
    "blob": {
      "version": "0.0.5",
      "resolved": "https://registry.npmjs.org/blob/-/blob-0.0.5.tgz",
      "integrity": "sha512-gaqbzQPqOoamawKg0LGVd7SzLgXS+JH61oWprSLH+P+abTczqJbhTR8CmJ2u9/bUYNmHTGJx/UEmn6doAvvuig=="
    },
    "bluebird": {
      "version": "3.7.2",
      "resolved": "https://registry.npmjs.org/bluebird/-/bluebird-3.7.2.tgz",
      "integrity": "sha512-XpNj6GDQzdfW+r2Wnn7xiSAd7TM3jzkxGXBGTtWKuSXv1xUV+azxAm8jdWZN06QTQk+2N2XB9jRDkvbmQmcRtg=="
    },
    "bmp-js": {
      "version": "0.1.0",
      "resolved": "https://registry.npmjs.org/bmp-js/-/bmp-js-0.1.0.tgz",
      "integrity": "sha1-4Fpj95amwf8l9Hcex62twUjAcjM="
    },
    "boolbase": {
      "version": "1.0.0",
      "resolved": "https://registry.npmjs.org/boolbase/-/boolbase-1.0.0.tgz",
      "integrity": "sha1-aN/1++YMUes3cl6p4+0xDcwed24="
    },
    "brace-expansion": {
      "version": "1.1.11",
      "resolved": "https://registry.npmjs.org/brace-expansion/-/brace-expansion-1.1.11.tgz",
      "integrity": "sha512-iCuPHDFgrHX7H2vEI/5xpz07zSHB00TpugqhmYtVmMO6518mCuRMoOYFldEBl0g187ufozdaHgWKcYFb61qGiA==",
      "requires": {
        "balanced-match": "^1.0.0",
        "concat-map": "0.0.1"
      }
    },
    "braces": {
      "version": "2.3.2",
      "resolved": "https://registry.npmjs.org/braces/-/braces-2.3.2.tgz",
      "integrity": "sha512-aNdbnj9P8PjdXU4ybaWLK2IF3jc/EoDYbC7AazW6to3TRsfXxscC9UXOB5iDiEQrkyIbWp2SLQda4+QAa7nc3w==",
      "requires": {
        "arr-flatten": "^1.1.0",
        "array-unique": "^0.3.2",
        "extend-shallow": "^2.0.1",
        "fill-range": "^4.0.0",
        "isobject": "^3.0.1",
        "repeat-element": "^1.1.2",
        "snapdragon": "^0.8.1",
        "snapdragon-node": "^2.0.1",
        "split-string": "^3.0.2",
        "to-regex": "^3.0.1"
      },
      "dependencies": {
        "extend-shallow": {
          "version": "2.0.1",
          "resolved": "https://registry.npmjs.org/extend-shallow/-/extend-shallow-2.0.1.tgz",
          "integrity": "sha1-Ua99YUrZqfYQ6huvu5idaxxWiQ8=",
          "requires": {
            "is-extendable": "^0.1.0"
          }
        }
      }
    },
    "brainly-scraper": {
      "version": "1.0.2",
      "resolved": "https://registry.npmjs.org/brainly-scraper/-/brainly-scraper-1.0.2.tgz",
      "integrity": "sha512-FqF0qNc10j5SIYk6++hPi3durcy/YvAXl2gNiC4iCdKOqmIwkSvUIQPcefd72j+LCycFT3zqzRy/Q1AmMoW6gw==",
      "requires": {
        "cheerio": "^1.0.0-rc.3",
        "request": "^2.88.2",
        "request-promise": "^4.2.5"
      }
    },
    "buffer": {
      "version": "5.7.0",
      "resolved": "https://registry.npmjs.org/buffer/-/buffer-5.7.0.tgz",
      "integrity": "sha512-cd+5r1VLBwUqTrmnzW+D7ABkJUM6mr7uv1dv+6jRw4Rcl7tFIFHDqHPL98LhpGFn3dbAt3gtLxtrWp4m1kFrqg==",
      "requires": {
        "base64-js": "^1.3.1",
        "ieee754": "^1.1.13"
      }
    },
    "buffer-alloc": {
      "version": "1.2.0",
      "resolved": "https://registry.npmjs.org/buffer-alloc/-/buffer-alloc-1.2.0.tgz",
      "integrity": "sha512-CFsHQgjtW1UChdXgbyJGtnm+O/uLQeZdtbDo8mfUgYXCHSM1wgrVxXm6bSyrUuErEb+4sYVGCzASBRot7zyrow==",
      "requires": {
        "buffer-alloc-unsafe": "^1.1.0",
        "buffer-fill": "^1.0.0"
      }
    },
    "buffer-alloc-unsafe": {
      "version": "1.1.0",
      "resolved": "https://registry.npmjs.org/buffer-alloc-unsafe/-/buffer-alloc-unsafe-1.1.0.tgz",
      "integrity": "sha512-TEM2iMIEQdJ2yjPJoSIsldnleVaAk1oW3DBVUykyOLsEsFmEc9kn+SFFPz+gl54KQNxlDnAwCXosOS9Okx2xAg=="
    },
    "buffer-crc32": {
      "version": "0.2.13",
      "resolved": "https://registry.npmjs.org/buffer-crc32/-/buffer-crc32-0.2.13.tgz",
      "integrity": "sha1-DTM+PwDqxQqhRUq9MO+MKl2ackI="
    },
    "buffer-equal": {
      "version": "0.0.1",
      "resolved": "https://registry.npmjs.org/buffer-equal/-/buffer-equal-0.0.1.tgz",
      "integrity": "sha1-kbx0sR6kBbyRa8aqkI+q+ltKrEs="
    },
    "buffer-fill": {
      "version": "1.0.0",
      "resolved": "https://registry.npmjs.org/buffer-fill/-/buffer-fill-1.0.0.tgz",
      "integrity": "sha1-+PeLdniYiO858gXNY39o5wISKyw="
    },
    "buffer-from": {
      "version": "1.1.1",
      "resolved": "https://registry.npmjs.org/buffer-from/-/buffer-from-1.1.1.tgz",
      "integrity": "sha512-MQcXEUbCKtEo7bhqEs6560Hyd4XaovZlO/k9V3hjVUF/zwW7KBVdSK4gIt/bzwS9MbR5qob+F5jusZsb0YQK2A=="
    },
    "cache-base": {
      "version": "1.0.1",
      "resolved": "https://registry.npmjs.org/cache-base/-/cache-base-1.0.1.tgz",
      "integrity": "sha512-AKcdTnFSWATd5/GCPRxr2ChwIJ85CeyrEyjRHlKxQ56d4XJMGym0uAiKn0xbLOGOl3+yRpOTi484dVCEc5AUzQ==",
      "requires": {
        "collection-visit": "^1.0.0",
        "component-emitter": "^1.2.1",
        "get-value": "^2.0.6",
        "has-value": "^1.0.0",
        "isobject": "^3.0.1",
        "set-value": "^2.0.0",
        "to-object-path": "^0.3.0",
        "union-value": "^1.0.0",
        "unset-value": "^1.0.0"
      }
    },
    "cacheable-lookup": {
      "version": "5.0.3",
      "resolved": "https://registry.npmjs.org/cacheable-lookup/-/cacheable-lookup-5.0.3.tgz",
      "integrity": "sha512-W+JBqF9SWe18A72XFzN/V/CULFzPm7sBXzzR6ekkE+3tLG72wFZrBiBZhrZuDoYexop4PHJVdFAKb/Nj9+tm9w=="
    },
    "cacheable-request": {
      "version": "2.1.4",
      "resolved": "https://registry.npmjs.org/cacheable-request/-/cacheable-request-2.1.4.tgz",
      "integrity": "sha1-DYCIAbY0KtM8kd+dC0TcCbkeXD0=",
      "requires": {
        "clone-response": "1.0.2",
        "get-stream": "3.0.0",
        "http-cache-semantics": "3.8.1",
        "keyv": "3.0.0",
        "lowercase-keys": "1.0.0",
        "normalize-url": "2.0.1",
        "responselike": "1.0.2"
      },
      "dependencies": {
        "get-stream": {
          "version": "3.0.0",
          "resolved": "https://registry.npmjs.org/get-stream/-/get-stream-3.0.0.tgz",
          "integrity": "sha1-jpQ9E1jcN1VQVOy+LtsFqhdO3hQ="
        },
        "lowercase-keys": {
          "version": "1.0.0",
          "resolved": "https://registry.npmjs.org/lowercase-keys/-/lowercase-keys-1.0.0.tgz",
          "integrity": "sha1-TjNms55/VFfjXxMkvfb4jQv8cwY="
        }
      }
    },
    "camelcase": {
      "version": "5.0.0",
      "resolved": "https://registry.npmjs.org/camelcase/-/camelcase-5.0.0.tgz",
      "integrity": "sha512-faqwZqnWxbxn+F1d399ygeamQNy3lPp/H9H6rNrqYh4FSVCtcY+3cub1MxA8o9mDd55mM8Aghuu/kuyYA6VTsA=="
    },
    "camelcase-keys": {
      "version": "2.1.0",
      "resolved": "https://registry.npmjs.org/camelcase-keys/-/camelcase-keys-2.1.0.tgz",
      "integrity": "sha1-MIvur/3ygRkFHvodkyITyRuPkuc=",
      "requires": {
        "camelcase": "^2.0.0",
        "map-obj": "^1.0.0"
      },
      "dependencies": {
        "camelcase": {
          "version": "2.1.1",
          "resolved": "https://registry.npmjs.org/camelcase/-/camelcase-2.1.1.tgz",
          "integrity": "sha1-fB0W1nmhu+WcoCys7PsBHiAfWh8="
        }
      }
    },
    "caseless": {
      "version": "0.12.0",
      "resolved": "https://registry.npmjs.org/caseless/-/caseless-0.12.0.tgz",
      "integrity": "sha1-G2gcIf+EAzyCZUMJBolCDRhxUdw="
    },
    "caw": {
      "version": "2.0.1",
      "resolved": "https://registry.npmjs.org/caw/-/caw-2.0.1.tgz",
      "integrity": "sha512-Cg8/ZSBEa8ZVY9HspcGUYaK63d/bN7rqS3CYCzEGUxuYv6UlmcjzDUz2fCFFHyTvUW5Pk0I+3hkA3iXlIj6guA==",
      "requires": {
        "get-proxy": "^2.0.0",
        "isurl": "^1.0.0-alpha5",
        "tunnel-agent": "^0.6.0",
        "url-to-options": "^1.0.1"
      }
    },
    "chalk": {
      "version": "4.1.0",
      "resolved": "https://registry.npmjs.org/chalk/-/chalk-4.1.0.tgz",
      "integrity": "sha512-qwx12AxXe2Q5xQ43Ac//I6v5aXTipYrSESdOgzrN+9XjgEpyjpKuvSGaN4qE93f7TQTlerQQ8S+EQ0EyDoVL1A==",
      "requires": {
        "ansi-styles": "^4.1.0",
        "supports-color": "^7.1.0"
      },
      "dependencies": {
        "ansi-styles": {
          "version": "4.3.0",
          "resolved": "https://registry.npmjs.org/ansi-styles/-/ansi-styles-4.3.0.tgz",
          "integrity": "sha512-zbB9rCJAT1rbjiVDb2hqKFHNYLxgtk8NURxZ3IZwD3F6NtxbXZQCnnSi1Lkx+IDohdPlFp222wVALIheZJQSEg==",
          "requires": {
            "color-convert": "^2.0.1"
          }
        },
        "color-convert": {
          "version": "2.0.1",
          "resolved": "https://registry.npmjs.org/color-convert/-/color-convert-2.0.1.tgz",
          "integrity": "sha512-RRECPsj7iu/xb5oKYcsFHSppFNnsj/52OVTRKb4zP5onXwVF3zVmmToNcOfGC+CRDpfK/U584fMg38ZHCaElKQ==",
          "requires": {
            "color-name": "~1.1.4"
          }
        },
        "color-name": {
          "version": "1.1.4",
          "resolved": "https://registry.npmjs.org/color-name/-/color-name-1.1.4.tgz",
          "integrity": "sha512-dOy+3AuW3a2wNbZHIuMZpTcgjGuLU/uBL/ubcZF9OXbDo8ff4O8yVp5Bf0efS8uEoYo5q4Fx7dY9OgQGXgAsQA=="
        },
        "has-flag": {
          "version": "4.0.0",
          "resolved": "https://registry.npmjs.org/has-flag/-/has-flag-4.0.0.tgz",
          "integrity": "sha512-EykJT/Q1KjTWctppgIAgfSO0tKVuZUjhgMr17kqTumMl6Afv3EISleU7qZUzoXDFTAHTDC4NOoG/ZxU3EvlMPQ=="
        },
        "supports-color": {
          "version": "7.2.0",
          "resolved": "https://registry.npmjs.org/supports-color/-/supports-color-7.2.0.tgz",
          "integrity": "sha512-qpCAvRl9stuOHveKsn7HncJRvv501qIacKzQlO/+Lwxc9+0q2wLyv4Dfvt80/DPn2pqOBsJdDiogXGR9+OvwRw==",
          "requires": {
            "has-flag": "^4.0.0"
          }
        }
      }
    },
    "cheerio": {
      "version": "1.0.0-rc.3",
      "resolved": "https://registry.npmjs.org/cheerio/-/cheerio-1.0.0-rc.3.tgz",
      "integrity": "sha512-0td5ijfUPuubwLUu0OBoe98gZj8C/AA+RW3v67GPlGOrvxWjZmBXiBCRU+I8VEiNyJzjth40POfHiz2RB3gImA==",
      "requires": {
        "css-select": "~1.2.0",
        "dom-serializer": "~0.1.1",
        "entities": "~1.1.1",
        "htmlparser2": "^3.9.1",
        "lodash": "^4.15.0",
        "parse5": "^3.0.1"
      }
    },
    "chokidar": {
      "version": "2.1.8",
      "resolved": "https://registry.npmjs.org/chokidar/-/chokidar-2.1.8.tgz",
      "integrity": "sha512-ZmZUazfOzf0Nve7duiCKD23PFSCs4JPoYyccjUFF3aQkQadqBhfzhjkwBH2mNOG9cTBwhamM37EIsIkZw3nRgg==",
      "requires": {
        "anymatch": "^2.0.0",
        "async-each": "^1.0.1",
        "braces": "^2.3.2",
        "fsevents": "^1.2.7",
        "glob-parent": "^3.1.0",
        "inherits": "^2.0.3",
        "is-binary-path": "^1.0.0",
        "is-glob": "^4.0.0",
        "normalize-path": "^3.0.0",
        "path-is-absolute": "^1.0.0",
        "readdirp": "^2.2.1",
        "upath": "^1.1.1"
      }
    },
    "class-utils": {
      "version": "0.3.6",
      "resolved": "https://registry.npmjs.org/class-utils/-/class-utils-0.3.6.tgz",
      "integrity": "sha512-qOhPa/Fj7s6TY8H8esGu5QNpMMQxz79h+urzrNYN6mn+9BnxlDGf5QZ+XeCDsxSjPqsSR56XOZOJmpeurnLMeg==",
      "requires": {
        "arr-union": "^3.1.0",
        "define-property": "^0.2.5",
        "isobject": "^3.0.0",
        "static-extend": "^0.1.1"
      },
      "dependencies": {
        "define-property": {
          "version": "0.2.5",
          "resolved": "https://registry.npmjs.org/define-property/-/define-property-0.2.5.tgz",
          "integrity": "sha1-w1se+RjsPJkPmlvFe+BKrOxcgRY=",
          "requires": {
            "is-descriptor": "^0.1.0"
          }
        }
      }
    },
    "cliui": {
      "version": "3.2.0",
      "resolved": "https://registry.npmjs.org/cliui/-/cliui-3.2.0.tgz",
      "integrity": "sha1-EgYBU3qRbSmUD5NNo7SNWFo5IT0=",
      "requires": {
        "string-width": "^1.0.1",
        "strip-ansi": "^3.0.1",
        "wrap-ansi": "^2.0.0"
      }
    },
    "clone": {
      "version": "2.1.2",
      "resolved": "https://registry.npmjs.org/clone/-/clone-2.1.2.tgz",
      "integrity": "sha1-G39Ln1kfHo+DZwQBYANFoCiHQ18="
    },
    "clone-buffer": {
      "version": "1.0.0",
      "resolved": "https://registry.npmjs.org/clone-buffer/-/clone-buffer-1.0.0.tgz",
      "integrity": "sha1-4+JbIHrE5wGvch4staFnksrD3Fg="
    },
    "clone-response": {
      "version": "1.0.2",
      "resolved": "https://registry.npmjs.org/clone-response/-/clone-response-1.0.2.tgz",
      "integrity": "sha1-0dyXOSAxTfZ/vrlCI7TuNQI56Ws=",
      "requires": {
        "mimic-response": "^1.0.0"
      }
    },
    "clone-stats": {
      "version": "1.0.0",
      "resolved": "https://registry.npmjs.org/clone-stats/-/clone-stats-1.0.0.tgz",
      "integrity": "sha1-s3gt/4u1R04Yuba/D9/ngvh3doA="
    },
    "cloneable-readable": {
      "version": "1.1.3",
      "resolved": "https://registry.npmjs.org/cloneable-readable/-/cloneable-readable-1.1.3.tgz",
      "integrity": "sha512-2EF8zTQOxYq70Y4XKtorQupqF0m49MBz2/yf5Bj+MHjvpG3Hy7sImifnqD6UA+TKYxeSV+u6qqQPawN5UvnpKQ==",
      "requires": {
        "inherits": "^2.0.1",
        "process-nextick-args": "^2.0.0",
        "readable-stream": "^2.3.5"
      },
      "dependencies": {
        "isarray": {
          "version": "1.0.0",
          "resolved": "https://registry.npmjs.org/isarray/-/isarray-1.0.0.tgz",
          "integrity": "sha1-u5NdSFgsuhaMBoNJV6VKPgcSTxE="
        },
        "readable-stream": {
          "version": "2.3.7",
          "resolved": "https://registry.npmjs.org/readable-stream/-/readable-stream-2.3.7.tgz",
          "integrity": "sha512-Ebho8K4jIbHAxnuxi7o42OrZgF/ZTNcsZj6nRKyUmkhLFq8CHItp/fy6hQZuZmP/n3yZ9VBUbp4zz/mX8hmYPw==",
          "requires": {
            "core-util-is": "~1.0.0",
            "inherits": "~2.0.3",
            "isarray": "~1.0.0",
            "process-nextick-args": "~2.0.0",
            "safe-buffer": "~5.1.1",
            "string_decoder": "~1.1.1",
            "util-deprecate": "~1.0.1"
          }
        },
        "safe-buffer": {
          "version": "5.1.2",
          "resolved": "https://registry.npmjs.org/safe-buffer/-/safe-buffer-5.1.2.tgz",
          "integrity": "sha512-Gd2UZBJDkXlY7GbJxfsE8/nvKkUEU1G38c1siN6QP6a9PT9MmHB8GnpscSmMJSoF8LOIrt8ud/wPtojys4G6+g=="
        },
        "string_decoder": {
          "version": "1.1.1",
          "resolved": "https://registry.npmjs.org/string_decoder/-/string_decoder-1.1.1.tgz",
          "integrity": "sha512-n/ShnvDi6FHbbVfviro+WojiFzv+s8MPMHBczVePfUpDJLwoLT0ht1l4YwBCbi8pJAveEEdnkHyPyTP/mzRfwg==",
          "requires": {
            "safe-buffer": "~5.1.0"
          }
        }
      }
    },
    "cloudconvert": {
      "version": "2.1.6",
      "resolved": "https://registry.npmjs.org/cloudconvert/-/cloudconvert-2.1.6.tgz",
      "integrity": "sha512-L3W/YHXxWyg4NDYYFt8te1bWy3llRzVaxSLFojhLRwD0aBbETzeuQBq0rH5Gttlrj5MBx6ozA/LVKNLC+5bHuQ==",
      "requires": {
        "axios": "^0.20.0",
        "esm": "^3.2.25",
        "form-data": "^3.0.0",
        "socket.io-client": "^2.3.1"
      },
      "dependencies": {
        "form-data": {
          "version": "3.0.0",
          "resolved": "https://registry.npmjs.org/form-data/-/form-data-3.0.0.tgz",
          "integrity": "sha512-CKMFDglpbMi6PyN+brwB9Q/GOw0eAnsrEZDgcsH5Krhz5Od/haKHAX0NmQfha2zPPz0JpWzA7GJHGSnvCRLWsg==",
          "requires": {
            "asynckit": "^0.4.0",
            "combined-stream": "^1.0.8",
            "mime-types": "^2.1.12"
          }
        }
      }
    },
    "code-point-at": {
      "version": "1.1.0",
      "resolved": "https://registry.npmjs.org/code-point-at/-/code-point-at-1.1.0.tgz",
      "integrity": "sha1-DQcLTQQ6W+ozovGkDi7bPZpMz3c="
    },
    "collection-map": {
      "version": "1.0.0",
      "resolved": "https://registry.npmjs.org/collection-map/-/collection-map-1.0.0.tgz",
      "integrity": "sha1-rqDwb40mx4DCt1SUOFVEsiVa8Yw=",
      "requires": {
        "arr-map": "^2.0.2",
        "for-own": "^1.0.0",
        "make-iterator": "^1.0.0"
      }
    },
    "collection-visit": {
      "version": "1.0.0",
      "resolved": "https://registry.npmjs.org/collection-visit/-/collection-visit-1.0.0.tgz",
      "integrity": "sha1-S8A3PBZLwykbTTaMgpzxqApZ3KA=",
      "requires": {
        "map-visit": "^1.0.0",
        "object-visit": "^1.0.0"
      }
    },
    "color-convert": {
      "version": "1.9.3",
      "resolved": "https://registry.npmjs.org/color-convert/-/color-convert-1.9.3.tgz",
      "integrity": "sha512-QfAUtd+vFdAtFQcC8CCyYt1fYWxSqAiK2cSD6zDB8N3cpsEBAvRxp9zOGg6G/SHHJYAT88/az/IuDGALsNVbGg==",
      "requires": {
        "color-name": "1.1.3"
      }
    },
    "color-name": {
      "version": "1.1.3",
      "resolved": "https://registry.npmjs.org/color-name/-/color-name-1.1.3.tgz",
      "integrity": "sha1-p9BVi9icQveV3UIyj3QIMcpTvCU="
    },
    "color-support": {
      "version": "1.1.3",
      "resolved": "https://registry.npmjs.org/color-support/-/color-support-1.1.3.tgz",
      "integrity": "sha512-qiBjkpbMLO/HL68y+lh4q0/O1MZFj2RX6X/KmMa3+gJD3z+WwI1ZzDHysvqHGS3mP6mznPckpXmw1nI9cJjyRg=="
    },
    "combined-stream": {
      "version": "1.0.8",
      "resolved": "https://registry.npmjs.org/combined-stream/-/combined-stream-1.0.8.tgz",
      "integrity": "sha512-FQN4MRfuJeHf7cBbBMJFXhKSDq+2kAArBlmRBvcvFE5BB1HZKXtSFASDhdlz9zOYwxh8lDdnvmMOe/+5cdoEdg==",
      "requires": {
        "delayed-stream": "~1.0.0"
      }
    },
    "commander": {
      "version": "2.20.3",
      "resolved": "https://registry.npmjs.org/commander/-/commander-2.20.3.tgz",
      "integrity": "sha512-GpVkmM8vF2vQUkj2LvZmD35JxeJOLCwJ9cUkugyk2nuhbv3+mJvpLYYt+0+USMxE+oj+ey/lJEnhZw75x/OMcQ=="
    },
    "component-bind": {
      "version": "1.0.0",
      "resolved": "https://registry.npmjs.org/component-bind/-/component-bind-1.0.0.tgz",
      "integrity": "sha1-AMYIq33Nk4l8AAllGx06jh5zu9E="
    },
    "component-emitter": {
      "version": "1.3.0",
      "resolved": "https://registry.npmjs.org/component-emitter/-/component-emitter-1.3.0.tgz",
      "integrity": "sha512-Rd3se6QB+sO1TwqZjscQrurpEPIfO0/yYnSin6Q/rD3mOutHvUrCAhJub3r90uNb+SESBuE0QYoB90YdfatsRg=="
    },
    "component-inherit": {
      "version": "0.0.3",
      "resolved": "https://registry.npmjs.org/component-inherit/-/component-inherit-0.0.3.tgz",
      "integrity": "sha1-ZF/ErfWLcrZJ1crmUTVhnbJv8UM="
    },
    "concat-map": {
      "version": "0.0.1",
      "resolved": "https://registry.npmjs.org/concat-map/-/concat-map-0.0.1.tgz",
      "integrity": "sha1-2Klr13/Wjfd5OnMDajug1UBdR3s="
    },
    "concat-stream": {
      "version": "1.6.2",
      "resolved": "https://registry.npmjs.org/concat-stream/-/concat-stream-1.6.2.tgz",
      "integrity": "sha512-27HBghJxjiZtIk3Ycvn/4kbJk/1uZuJFfuPEns6LaEvpvG1f0hTea8lilrouyo9mVc2GWdcEZ8OLoGmSADlrCw==",
      "requires": {
        "buffer-from": "^1.0.0",
        "inherits": "^2.0.3",
        "readable-stream": "^2.2.2",
        "typedarray": "^0.0.6"
      },
    